<?xml version="1.0" encoding="UTF-8"?>
<hack name="NPC Spawner (Periodic)" author="BLink">
	<panel>
		<field type="label">NPC 100</field>
		<field type="info">
		Periodic NpcSpawner
		&gt;ANP----:XXXX:YYYY
		XXXX is the entity ID and YYYY is the frames between spawn time.
		It will not spawn endless null NPC's at ANP 0
		Replaces Grate.
		</field>
		
		<field type="data" offset="0x43b350">
		55 89 E5 8B 7D 08 A0 38 E6 49 00 84 C0 74 35 83
		7F 74 00 74 2F 8B 57 4C 39 57 64 7F 05 FF 47 64
		EB 22 31 C0 89 47 64 68 00 01 00 00 50 50 50 50
		8B 5F 0C 53 8B 5F 08 53 8B 47 74 50 E8 3F 3C 03
		00 83 C4 20 89 EC 5D C3
		</field>
	</panel>
</hack>