<?xml version="1.0" encoding="UTF-8"?>
<hack name="Unlock Camera Boundaries" author="Clownacy and Brayconn">
	<panel>
	<field type="info">
		Disables the camera boundaries. This will cause the tile graphic handler
		to start reading on the array continuously with garbage data above and below,
		so it is recommended never under any circumstance to actually ever use this
		other than to goof off and see what happens.
	</field>
	<field type="data" offset="0x40EEE6">
		90 90 90 90 90 90 90 90 90 90
	</field>
	
	<field type="data" offset="0x40EF05">
		90 90 90 90 90 90 90 90 90 90
	</field>
	
	<field type="data" offset="0x40EF3D">
		90 90 90 90 90 90
	</field>
	
	<field type="data" offset="0x40EF70">
		90 90 90 90 90 90
	</field>
	</panel>
</hack>