<?xml version="1.0" encoding="UTF-8"?>
<hack name="Misc. Bullets Page 2" author="Noxid and EnlightenedOne">
<panel>
	<panel title="Curly's Nemesis (ID: 43)">
		<panel title="Bullet stats">
		<field type="label">
			Damage
		</field>
		<field type="text" offset="0x48F7AC" size="1"/>
		
		<field  type="label">
			# of Hits
		</field>
		<field type="text" offset="0x48F7AD" size="1"/>
		
		<field type="label">
			Frames to Live
		</field>
		<field type="text" offset="0x48F7B0"/>
		
		<field type="label"></field>
		
		<field type="label" col = "1">
			Hitbox width
		</field>
		<field type="text" offset="0x48F7B8"/>
		
		<field type="label">
			Hitbox height
		</field>
		<field type="text" offset="0x48F7BC"/>
		
		<field type="label">
			XP to level up
		</field>
		<field type="text" offset="0x493804"/>
		</panel>
		
		
		<panel title="Flags">
			<field type="flags" size="1" offset="0x48F7B4">
				<checkbox name="0x01" value="0x01" />
				<checkbox name="0x02" value="0x02" />
				<checkbox name="Ignore solid" value="0x04" />
				<checkbox name="Don't break when hit wall" value="0x08" />
				<checkbox name="0x10" value="0x10" />
				<checkbox name="Break blocks" value ="0x20" />
				<checkbox name="Pierce blocks" value="0x40" />
				<checkbox name="0x80" value="0x80" />
			</field>
		</panel>
		

		<panel title="graphicals" col="2">
			<field type="label">Sprite offset - Left</field>
			<field type="text" offset="0x48F7C8" />
			
			<field type="label">Sprite offset - Top</field>
			<field type="text" offset="0x48F748" />
			
			<field type="label">Sprite Size</field>
			<field type="text" offset="0x48F7CC" />
		</panel>
	</panel>



	<panel title="Clear All Enemy (ID: 44)">
		<panel title="Bullet stats">
		<field type="label">
			Damage
		</field>
		<field type="text" offset="0x48F7D8" size="1"/>
		
		<field  type="label">
			# of Hits
		</field>
		<field type="text" offset="0x48F7D9" size="1"/>
		
		<field type="label">
			Frames to Live
		</field>
		<field type="text" offset="0x48F7DC"/>
		
		<field type="label"></field>
		
		<field type="label" col = "1">
			Hitbox width
		</field>
		<field type="text" offset="0x48F7E4"/>
		
		<field type="label">
			Hitbox height
		</field>
		<field type="text" offset="0x48F7E8"/>
		
		<field type="label">
			XP to level up
		</field>
		<field type="text" offset="0x493808"/>
		</panel>
		
		
		<panel title="Flags">
			<field type="flags" size="1" offset="0x48F7E0">
				<checkbox name="0x01" value="0x01" />
				<checkbox name="0x02" value="0x02" />
				<checkbox name="Ignore solid" value="0x04" />
				<checkbox name="Don't break when hit wall" value="0x08" />
				<checkbox name="0x10" value="0x10" />
				<checkbox name="Break blocks" value ="0x20" />
				<checkbox name="Pierce blocks" value="0x40" />
				<checkbox name="0x80" value="0x80" />
			</field>
		</panel>
		

		<panel title="graphicals" col="2">
			<field type="label">Sprite offset - Left</field>
			<field type="text" offset="0x48F7F4" />
			
			<field type="label">Sprite offset - Top</field>
			<field type="text" offset="0x48F7F8" />
			
			<field type="label">Sprite Size</field>
			<field type="text" offset="0x48F7FC" />
		</panel>
	</panel>



	<panel title="Whimsical Stars (ID: 45)">
		<panel title="Bullet stats">
		<field type="label">
			Damage
		</field>
		<field type="text" offset="0x48F804" size="1"/>
		
		<field  type="label">
			# of Hits
		</field>
		<field type="text" offset="0x48F805" size="1"/>
		
		<field type="label">
			Frames to Live
		</field>
		<field type="text" offset="0x48F784"/>
		
		<field type="label"></field>
		
		<field type="label" col = "1">
			Hitbox width
		</field>
		<field type="text" offset="0x48F808"/>
		
		<field type="label">
			Hitbox height
		</field>
		<field type="text" offset="0x48F814"/>
		
		<field type="label">
			XP to level up
		</field>
		<field type="text" offset="0x49380C"/>
		</panel>
		
		
		<panel title="Flags">
			<field type="flags" size="1" offset="0x48F80C">
				<checkbox name="0x01" value="0x01" />
				<checkbox name="0x02" value="0x02" />
				<checkbox name="Ignore solid" value="0x04" />
				<checkbox name="Don't break when hit wall" value="0x08" />
				<checkbox name="0x10" value="0x10" />
				<checkbox name="Break blocks" value ="0x20" />
				<checkbox name="Pierce blocks" value="0x40" />
				<checkbox name="0x80" value="0x80" />
			</field>
		</panel>
		

		<panel title="graphicals" col="2">
			<field type="label">Sprite offset - Left</field>
			<field type="text" offset="0x48F79C" />
			
			<field type="label">Sprite offset - Top</field>
			<field type="text" offset="0x48F820" />
			
			<field type="label">Sprite Size</field>
			<field type="text" offset="0x48F828" />
		</panel>
	</panel>
</panel>
</hack>