<?xml version="1.0" encoding="UTF-8"?>
<hack name="Misc. Bullets" author="Noxid and EnlightenedOne">
<panel>
	<panel title="Bubbler Thorns (ID: 22)">
		<panel title="Bullet stats">
		<field type="label">
			Damage
		</field>
		<field type="text" offset="0x48f410" size="1"/>
		
		<field  type="label">
			# of Hits
		</field>
		<field type="text" offset="0x48f411" size="1"/>
		
		<field type="label">
			Frames to Live
		</field>
		<field type="text" offset="0x48f414"/>
		
		<field type="label"></field>
		
		<field type="label" col = "1">
			Hitbox width
		</field>
		<field type="text" offset="0x48f41c"/>
		
		<field type="label">
			Hitbox height
		</field>
		<field type="text" offset="0x48f420"/>
		
		<field type="label">
			XP to level up
		</field>
		<field type="text" offset="0x4936c0"/>
		</panel>
		
		
		<panel title="Flags">
			<field type="flags" size="1" offset="0x48f418">
				<checkbox name="0x01" value="0x01" />
				<checkbox name="0x02" value="0x02" />
				<checkbox name="Ignore solid" value="0x04" />
				<checkbox name="Don't break when hit wall" value="0x08" />
				<checkbox name="0x10" value="0x10" />
				<checkbox name="Break blocks" value ="0x20" />
				<checkbox name="Pierce blocks" value="0x40" />
				<checkbox name="0x80" value="0x80" />
			</field>
		</panel>
		

		<panel title="graphicals" col="2">
			<field type="label">Sprite offset - Left</field>
			<field type="text" offset="0x48f42c" />
			
			<field type="label">Sprite offset - Top</field>
			<field type="text" offset="0x48f430" />
			
			<field type="label">Sprite Size</field>
			<field type="text" offset="0x48f434" />
		</panel>
	</panel>



	<panel title="Blade Slashes (ID: 23)">
		<panel title="Bullet stats">
		<field type="label">
			Damage
		</field>
		<field type="text" offset="0x48f43c" size="1"/>
		
		<field  type="label">
			# of Hits
		</field>
		<field type="text" offset="0x48f43d" size="1"/>
		
		<field type="label">
			Frames to Live
		</field>
		<field type="text" offset="0x48f440"/>
		
		<field type="label"></field>
		
		<field type="label" col = "1">
			Hitbox width
		</field>
		<field type="text" offset="0x48f448"/>
		
		<field type="label">
			Hitbox height
		</field>
		<field type="text" offset="0x48f44c"/>
		
		<field type="label">
			XP to level up
		</field>
		<field type="text" offset="0x4936c4"/>
		</panel>
		
		
		<panel title="Flags">
			<field type="flags" size="1" offset="0x48f444">
				<checkbox name="0x01" value="0x01" />
				<checkbox name="0x02" value="0x02" />
				<checkbox name="Ignore solid" value="0x04" />
				<checkbox name="Don't break when hit wall" value="0x08" />
				<checkbox name="0x10" value="0x10" />
				<checkbox name="Break blocks" value ="0x20" />
				<checkbox name="Pierce blocks" value="0x40" />
				<checkbox name="0x80" value="0x80" />
			</field>
		</panel>
		

		<panel title="graphicals" col="2">
			<field type="label">Sprite offset - Left</field>
			<field type="text" offset="0x48f458" />
			
			<field type="label">Sprite offset - Top</field>
			<field type="text" offset="0x48f45c" />
			
			<field type="label">Sprite Size</field>
			<field type="text" offset="0x48f460" />
		</panel>
	</panel>



	<panel title="Large Falling Spike (ID: 24)">
		<panel title="Bullet stats">
		<field type="label">
			Damage
		</field>
		<field type="text" offset="0x48f468" size="1"/>
		
		<field  type="label">
			# of Hits
		</field>
		<field type="text" offset="0x48f469" size="1"/>
		
		<field type="label">
			Frames to Live
		</field>
		<field type="text" offset="0x48f46c"/>
		
		<field type="label"></field>
		
		<field type="label" col = "1">
			Hitbox width
		</field>
		<field type="text" offset="0x48f474"/>
		
		<field type="label">
			Hitbox height
		</field>
		<field type="text" offset="0x48f478"/>
		
		<field type="label">
			XP to level up
		</field>
		<field type="text" offset="0x4936c8"/>
		</panel>
		
		
		<panel title="Flags">
			<field type="flags" size="1" offset="0x48f470">
				<checkbox name="0x01" value="0x01" />
				<checkbox name="0x02" value="0x02" />
				<checkbox name="Ignore solid" value="0x04" />
				<checkbox name="Don't break when hit wall" value="0x08" />
				<checkbox name="0x10" value="0x10" />
				<checkbox name="Break blocks" value ="0x20" />
				<checkbox name="Pierce blocks" value="0x40" />
				<checkbox name="0x80" value="0x80" />
			</field>
		</panel>
		

		<panel title="graphicals" col="2">
			<field type="label">Sprite offset - Left</field>
			<field type="text" offset="0x48f484" />
			
			<field type="label">Sprite offset - Top</field>
			<field type="text" offset="0x48f488" />
			
			<field type="label">Sprite Size</field>
			<field type="text" offset="0x48f48c" />
		</panel>
	</panel>
</panel>
</hack>