<?xml version="1.0" encoding="UTF-8"?>
<hack name="Nemesis" author="Noxid">
<panel>
	<panel title="Level 1 (ID: 34)">
		<panel title="Bullet stats">
		<field type="label">
			Damage
		</field>
		<field type="text" offset="0x48f620" size="1"/>
		
		<field  type="label">
			# of Hits
		</field>
		<field type="text" offset="0x48f621" size="1"/>
		
		<field type="label">
			Frames to Live
		</field>
		<field type="text" offset="0x48f624"/>
		
		<field type="label"></field>
		
		<field type="label" col = "1">
			Hitbox width
		</field>
		<field type="text" offset="0x48f62c"/>
		
		<field type="label">
			Hitbox height
		</field>
		<field type="text" offset="0x48f630"/>
		
		<field type="label">
			XP to level up
		</field>
		<field type="text" offset="0x4936f0"/>
		</panel>
		
		
		<panel title="Flags">
			<field type="flags" size="1" offset="0x48f628">
				<checkbox name="0x01" value="0x01" />
				<checkbox name="0x02" value="0x02" />
				<checkbox name="Ignore solid" value="0x04" />
				<checkbox name="Don't break when hit wall" value="0x08" />
				<checkbox name="0x10" value="0x10" />
				<checkbox name="Break blocks" value ="0x20" />
				<checkbox name="Pierce blocks" value="0x40" />
				<checkbox name="0x80" value="0x80" />
			</field>
		</panel>
		

		<panel title="graphicals" col="2">
			<field type="label">Sprite offset - Left</field>
			<field type="text" offset="0x48f63c" />
			
			<field type="label">Sprite offset - Top</field>
			<field type="text" offset="0x48f640" />
			
			<field type="label">Sprite Size</field>
			<field type="text" offset="0x48f644" />
		</panel>
	</panel>



	<panel title="Level 2 (ID: 35)">
		<panel title="Bullet stats">
		<field type="label">
			Damage
		</field>
		<field type="text" offset="0x48f64c" size="1"/>
		
		<field  type="label">
			# of Hits
		</field>
		<field type="text" offset="0x48f64d" size="1"/>
		
		<field type="label">
			Frames to Live
		</field>
		<field type="text" offset="0x48f650"/>
		
		<field type="label"></field>
		
		<field type="label" col = "1">
			Hitbox width
		</field>
		<field type="text" offset="0x48f658"/>
		
		<field type="label">
			Hitbox height
		</field>
		<field type="text" offset="0x48f65c"/>
		
		<field type="label">
			XP to level up
		</field>
		<field type="text" offset="0x4936f4"/>
		</panel>
		
		
		<panel title="Flags">
			<field type="flags" size="1" offset="0x48f654">
				<checkbox name="0x01" value="0x01" />
				<checkbox name="0x02" value="0x02" />
				<checkbox name="Ignore solid" value="0x04" />
				<checkbox name="Don't break when hit wall" value="0x08" />
				<checkbox name="0x10" value="0x10" />
				<checkbox name="Break blocks" value ="0x20" />
				<checkbox name="Pierce blocks" value="0x40" />
				<checkbox name="0x80" value="0x80" />
			</field>
		</panel>
		

		<panel title="graphicals" col="2">
			<field type="label">Sprite offset - Left</field>
			<field type="text" offset="0x48f668" />
			
			<field type="label">Sprite offset - Top</field>
			<field type="text" offset="0x48f66c" />
			
			<field type="label">Sprite Size</field>
			<field type="text" offset="0x48f670" />
		</panel>
	</panel>



	<panel title="Level 3 (ID: 36)">
		<panel title="Bullet stats">
		<field type="label">
			Damage
		</field>
		<field type="text" offset="0x48f678" size="1"/>
		
		<field  type="label">
			# of Hits
		</field>
		<field type="text" offset="0x48f679" size="1"/>
		
		<field type="label">
			Frames to Live
		</field>
		<field type="text" offset="0x48f67c"/>
		
		<field type="label"></field>
		
		<field type="label" col = "1">
			Hitbox width
		</field>
		<field type="text" offset="0x48f684"/>
		
		<field type="label">
			Hitbox height
		</field>
		<field type="text" offset="0x48f688"/>
		
		<field type="label">
			XP to level up
		</field>
		<field type="text" offset="0x4936f8"/>
		</panel>
		
		
		<panel title="Flags">
			<field type="flags" size="1" offset="0x48f680">
				<checkbox name="0x01" value="0x01" />
				<checkbox name="0x02" value="0x02" />
				<checkbox name="Ignore solid" value="0x04" />
				<checkbox name="Don't break when hit wall" value="0x08" />
				<checkbox name="0x10" value="0x10" />
				<checkbox name="Break blocks" value ="0x20" />
				<checkbox name="Pierce blocks" value="0x40" />
				<checkbox name="0x80" value="0x80" />
			</field>
		</panel>
		

		<panel title="graphicals" col="2">
			<field type="label">Sprite offset - Left</field>
			<field type="text" offset="0x48f694" />
			
			<field type="label">Sprite offset - Top</field>
			<field type="text" offset="0x48f698" />
			
			<field type="label">Sprite Size</field>
			<field type="text" offset="0x48f69c" />
		</panel>
	</panel>
</panel>
</hack>