<?xml version="1.0" encoding="UTF-8"?>
<hack name="Snake" author="Noxid">
<panel>
	<panel title="Level 1 (ID: 1)">
		<panel title="Bullet stats">
		<field type="label">
			Damage
		</field>
		<field type="text" offset="0x48f074" size="1"/>
		
		<field  type="label">
			# of Hits
		</field>
		<field type="text" offset="0x48f075" size="1"/>
		
		<field type="label">
			Frames to Live
		</field>
		<field type="text" offset="0x48f078"/>
		
		<field type="label"></field>
		
		<field type="label" col = "1">
			Hitbox width
		</field>
		<field type="text" offset="0x48f080"/>
		
		<field type="label">
			Hitbox height
		</field>
		<field type="text" offset="0x48f084"/>
		
		<field type="label">
			XP to level up
		</field>
		<field type="text" offset="0x49366c"/>
		</panel>
		
		
		<panel title="Flags">
			<field type="flags" size="1" offset="0x48f07c">
				<checkbox name="0x01" value="0x01" />
				<checkbox name="0x02" value="0x02" />
				<checkbox name="Ignore solid" value="0x04" />
				<checkbox name="Don't break when hit wall" value="0x08" />
				<checkbox name="0x10" value="0x10" />
				<checkbox name="Break blocks" value ="0x20" />
				<checkbox name="Pierce blocks" value="0x40" />
				<checkbox name="0x80" value="0x80" />
			</field>
		</panel>
		

		<panel title="graphicals" col="2">
			<field type="label">Sprite offset - Left</field>
			<field type="text" offset="0x48f090" />
			
			<field type="label">Sprite offset - Top</field>
			<field type="text" offset="0x48f094" />
			
			<field type="label">Sprite Size</field>
			<field type="text" offset="0x48f098" />
		</panel>
	</panel>



	<panel title="Level 2 (ID: 2)">
		<panel title="Bullet stats">
		<field type="label">
			Damage
		</field>
		<field type="text" offset="0x48f0a0" size="1"/>
		
		<field  type="label">
			# of Hits
		</field>
		<field type="text" offset="0x48f0a1" size="1"/>
		
		<field type="label">
			Frames to Live
		</field>
		<field type="text" offset="0x48f0a4"/>
		
		<field type="label"></field>
		
		<field type="label" col = "1">
			Hitbox width
		</field>
		<field type="text" offset="0x48f0ac"/>
		
		<field type="label">
			Hitbox height
		</field>
		<field type="text" offset="0x48f0b0"/>
		
		<field type="label">
			XP to level up
		</field>
		<field type="text" offset="0x493670"/>
		</panel>
		
		
		<panel title="Flags">
			<field type="flags" size="1" offset="0x48f0a8">
				<checkbox name="0x01" value="0x01" />
				<checkbox name="0x02" value="0x02" />
				<checkbox name="Ignore solid" value="0x04" />
				<checkbox name="Don't break when hit wall" value="0x08" />
				<checkbox name="0x10" value="0x10" />
				<checkbox name="Break blocks" value ="0x20" />
				<checkbox name="Pierce blocks" value="0x40" />
				<checkbox name="0x80" value="0x80" />
			</field>
		</panel>
		

		<panel title="graphicals" col="2">
			<field type="label">Sprite offset - Left</field>
			<field type="text" offset="0x48f0bc" />
			
			<field type="label">Sprite offset - Top</field>
			<field type="text" offset="0x48f0c0" />
			
			<field type="label">Sprite Size</field>
			<field type="text" offset="0x48f0c4" />
		</panel>
	</panel>



	<panel title="Level 3 (ID: 3)">
		<panel title="Bullet stats">
		<field type="label">
			Damage
		</field>
		<field type="text" offset="0x48f0cc" size="1"/>
		
		<field  type="label">
			# of Hits
		</field>
		<field type="text" offset="0x48f0cd" size="1"/>
		
		<field type="label">
			Frames to Live
		</field>
		<field type="text" offset="0x48f0d0"/>
		
		<field type="label"></field>
		
		<field type="label" col = "1">
			Hitbox width
		</field>
		<field type="text" offset="0x48f0d8"/>
		
		<field type="label">
			Hitbox height
		</field>
		<field type="text" offset="0x48f0dc"/>
		
		<field type="label">
			XP to level up
		</field>
		<field type="text" offset="0x493674"/>
		</panel>
		
		
		<panel title="Flags">
			<field type="flags" size="1" offset="0x48f0d4">
				<checkbox name="0x01" value="0x01" />
				<checkbox name="0x02" value="0x02" />
				<checkbox name="Ignore solid" value="0x04" />
				<checkbox name="Don't break when hit wall" value="0x08" />
				<checkbox name="0x10" value="0x10" />
				<checkbox name="Break blocks" value ="0x20" />
				<checkbox name="Pierce blocks" value="0x40" />
				<checkbox name="0x80" value="0x80" />
			</field>
		</panel>
		

		<panel title="graphicals" col="2">
			<field type="label">Sprite offset - Left</field>
			<field type="text" offset="0x48f0e8" />
			
			<field type="label">Sprite offset - Top</field>
			<field type="text" offset="0x48f0ec" />
			
			<field type="label">Sprite Size</field>
			<field type="text" offset="0x48f0f0" />
		</panel>
	</panel>
</panel>
</hack>