<?xml version="1.0" encoding="UTF-8"?>
<hack name="Spur Trails" author="Noxid and EnlightenedOne">
<panel>
	<panel title="Level 1 (ID: 40)">
		<panel title="Bullet stats">
		<field type="label">
			Damage
		</field>
		<field type="text" offset="0x48F728" size="1"/>
		
		<field  type="label">
			# of Hits
		</field>
		<field type="text" offset="0x48F729" size="1"/>
		
		<field type="label">
			Frames to Live
		</field>
		<field type="text" offset="0x48F72C"/>
		
		<field type="label"></field>
		
		<field type="label" col = "1">
			Hitbox width
		</field>
		<field type="text" offset="0x48F734"/>
		
		<field type="label">
			Hitbox height
		</field>
		<field type="text" offset="0x48F738"/>
		
		<field type="label">
			XP to level up
		</field>
		<field type="text" offset="0x493780"/>
		</panel>
		
		
		<panel title="Flags">
			<field type="flags" size="1" offset="0x48F730">
				<checkbox name="0x01" value="0x01" />
				<checkbox name="0x02" value="0x02" />
				<checkbox name="Ignore solid" value="0x04" />
				<checkbox name="Don't break when hit wall" value="0x08" />
				<checkbox name="0x10" value="0x10" />
				<checkbox name="Break blocks" value ="0x20" />
				<checkbox name="Pierce blocks" value="0x40" />
				<checkbox name="0x80" value="0x80" />
			</field>
		</panel>
		

		<panel title="graphicals" col="2">
			<field type="label">Sprite offset - Left</field>
			<field type="text" offset="0x48F744" />
			
			<field type="label">Sprite offset - Top</field>
			<field type="text" offset="0x48F748" />
			
			<field type="label">Sprite Size</field>
			<field type="text" offset="0x48F74C" />
		</panel>
	</panel>



	<panel title="Level 2 (ID: 41)">
		<panel title="Bullet stats">
		<field type="label">
			Damage
		</field>
		<field type="text" offset="0x48F754" size="1"/>
		
		<field  type="label">
			# of Hits
		</field>
		<field type="text" offset="0x48F755" size="1"/>
		
		<field type="label">
			Frames to Live
		</field>
		<field type="text" offset="0x48F758"/>
		
		<field type="label"></field>
		
		<field type="label" col = "1">
			Hitbox width
		</field>
		<field type="text" offset="0x48F760"/>
		
		<field type="label">
			Hitbox height
		</field>
		<field type="text" offset="0x48F764"/>
		
		<field type="label">
			XP to level up
		</field>
		<field type="text" offset="0x493784"/>
		</panel>
		
		
		<panel title="Flags">
			<field type="flags" size="1" offset="0x48F75C">
				<checkbox name="0x01" value="0x01" />
				<checkbox name="0x02" value="0x02" />
				<checkbox name="Ignore solid" value="0x04" />
				<checkbox name="Don't break when hit wall" value="0x08" />
				<checkbox name="0x10" value="0x10" />
				<checkbox name="Break blocks" value ="0x20" />
				<checkbox name="Pierce blocks" value="0x40" />
				<checkbox name="0x80" value="0x80" />
			</field>
		</panel>
		

		<panel title="graphicals" col="2">
			<field type="label">Sprite offset - Left</field>
			<field type="text" offset="0x48F770" />
			
			<field type="label">Sprite offset - Top</field>
			<field type="text" offset="0x48F774" />
			
			<field type="label">Sprite Size</field>
			<field type="text" offset="0x48F778" />
		</panel>
	</panel>



	<panel title="Level 3 (ID: 42)">
		<panel title="Bullet stats">
		<field type="label">
			Damage
		</field>
		<field type="text" offset="0x48F780" size="1"/>
		
		<field  type="label">
			# of Hits
		</field>
		<field type="text" offset="0x48F781" size="1"/>
		
		<field type="label">
			Frames to Live
		</field>
		<field type="text" offset="0x48f700"/>
		
		<field type="label"></field>
		
		<field type="label" col = "1">
			Hitbox width
		</field>
		<field type="text" offset="0x48F784"/>
		
		<field type="label">
			Hitbox height
		</field>
		<field type="text" offset="0x48F790"/>
		
		<field type="label">
			XP to level up
		</field>
		<field type="text" offset="0x493788"/>
		</panel>
		
		
		<panel title="Flags">
			<field type="flags" size="1" offset="0x48F788">
				<checkbox name="0x01" value="0x01" />
				<checkbox name="0x02" value="0x02" />
				<checkbox name="Ignore solid" value="0x04" />
				<checkbox name="Don't break when hit wall" value="0x08" />
				<checkbox name="0x10" value="0x10" />
				<checkbox name="Break blocks" value ="0x20" />
				<checkbox name="Pierce blocks" value="0x40" />
				<checkbox name="0x80" value="0x80" />
			</field>
		</panel>
		

		<panel title="graphicals" col="2">
			<field type="label">Sprite offset - Left</field>
			<field type="text" offset="0x48f718" />
			
			<field type="label">Sprite offset - Top</field>
			<field type="text" offset="0x48F79C" />
			
			<field type="label">Sprite Size</field>
			<field type="text" offset="0x48F7A4" />
		</panel>
	</panel>
</panel>
</hack>