<?xml version="1.0" encoding="UTF-8"?>
<hack name="The Exploding Star" author="Hina">
	<panel>
		<field type="label">Polar Star bullet</field>
		<field type="info">
			Makes level 2 bullets explode into four level 1 bullets after reaching their maximum range. Does the same for level 3 bullets (they explode into level 2 bullets, though)
		</field>
			
		<field type="data" offset="0x4047B0">
c8 04 00 00 8b 4d 08 ff 41 4c 8b 41 4c 3b 41 54
7e 57 c7 41 0c 00 00 00 00 6a 00 6a 03 ff 71 14
ff 71 10 e8 b8 64 00 00 83 c4 10 8b 4d 08 83 7d
0c 01 0f 84 cc 00 00 00 c7 45 fc ff ff ff ff ff
45 fc 83 7d fc 04 0f 8d b8 00 00 00 8b 4d 08 ff
75 fc ff 71 14 ff 71 10 8b 45 0c 83 c0 02 50 e8
6c f7 ff ff 83 c4 10 eb d6 83 79 28 00 75 3a c7
41 28 01 00 00 00 8b 41 38 83 f8 03 77 2b ff 24
85 b6 48 40 00 c7 41 18 00 f0 ff ff eb 19 c7 41
1c 00 f0 ff ff eb 10 c7 41 18 00 10 00 00 eb 07
c7 41 1c 00 10 00 00 eb 0c 8b 41 18 01 41 10 8b
41 1c 01 41 14 8b 45 0c 83 f8 01 74 07 83 f8 02
74 09 eb 13 b8 80 00 00 00 eb 05 b8 a0 00 00 00
ba 20 00 00 00 eb 0a b8 80 00 00 00 ba 30 00 00
00 83 79 38 01 74 08 83 79 38 03 74 02 eb 03 83
c0 10 89 51 40 83 c2 10 89 51 48 89 41 3c 83 c0
10 89 41 44 c9 c3 35 48 40 00 3e 48 40 00 47 48
40 00 50 48 40 00		</field>
	</panel>

	<panel>
		<field type = "label">
			This hack doesn't have any modifiable parameters.
		</field>
	</panel>

</hack>