{
    "version": 2,
    "bmp_filename": "bkg/bk_title",
    "lighting_mode": 0,
    "layers": [
        {
            "layer_enabled": true,
            "bmp_x_offset": 0,
            "bmp_y_offset": 64,
            "bmp_width": 32,
            "bmp_height": 32,
            "draw_repeat_x": 0,
            "draw_repeat_y": 0,
            "draw_repeat_gap_x": 0,
            "draw_repeat_gap_y": 0,
            "draw_corner_offset_x": 0.0,
            "draw_corner_offset_y": 0.0,
            "animation_style": {
                "frame_count": 8,
                "frame_start": 0,
                "animation_speed": 5,
                "follow_speed_x": 1.0,
                "follow_speed_y": 1.0,
                "autoscroll_speed_x": 0.1,
                "autoscroll_speed_y": 0.1,
                "scroll_flags": {
                "follow_pc_x": false,
                "follow_pc_y": false,
                "autoscroll_x": false,
                "autoscroll_y": false,
                "align_with_water_lvl": false,
                "draw_above_foreground": false,
                "random_offset_x": false,
                "random_offset_y": false,
                "lock_to_x_axis": false,
                "lock_to_y_axis": false,
                "randomize_all_parameters": false,
                "add_screen_width": false,
                "add_screen_height": false,
                "relative_to_pillarbox": false,
                "relative_to_letterbox": false
                }
            }
        },      

        {
            "layer_enabled": true,
            "bmp_x_offset": 0,
            "bmp_y_offset": 0,
            "bmp_width": 64,
            "bmp_height": 64,
            "draw_repeat_x": 0,
            "draw_repeat_y": 0,
            "draw_repeat_gap_x": 0,
            "draw_repeat_gap_y": 0,
            "draw_corner_offset_x": 5.0,
            "draw_corner_offset_y": 10.0,
            "animation_style": {
                "frame_count": 0,
                "frame_start": 0,
                "animation_speed": 0,
                "follow_speed_x": 1.0,
                "follow_speed_y": 1.0,
                "autoscroll_speed_x": 0.1,
                "autoscroll_speed_y": 0.1,
                "scroll_flags": {
                "follow_pc_x": false,
                "follow_pc_y": false,
                "autoscroll_x": true,
                "autoscroll_y": true,
                "align_with_water_lvl": false,
                "draw_above_foreground": false,
                "random_offset_x": false,
                "random_offset_y": false,
                "lock_to_x_axis": false,
                "lock_to_y_axis": false,
                "randomize_all_parameters": false,
                "add_screen_width": false,
                "add_screen_height": false,
                "relative_to_pillarbox": false,
                "relative_to_letterbox": false
            }
        }
        },
        {
            "layer_enabled": true,
            "bmp_x_offset": 64,
            "bmp_y_offset": 0,
            "bmp_width": 64,
            "bmp_height": 64,
            "draw_repeat_x": 0,
            "draw_repeat_y": 0,
            "draw_repeat_gap_x": 0,
            "draw_repeat_gap_y": 0,
            "draw_corner_offset_x": -20.0,
            "draw_corner_offset_y": 4.0,
            "animation_style": {
                "frame_count": 0,
                "frame_start": 0,
                "animation_speed": 0,
                "follow_speed_x": 1.0,
                "follow_speed_y": 1.0,
                "autoscroll_speed_x": 0.6,
                "autoscroll_speed_y": -0.1,
                "scroll_flags": {
                "follow_pc_x": false,
                "follow_pc_y": false,
                "autoscroll_x": true,
                "autoscroll_y": true,
                "align_with_water_lvl": false,
                "draw_above_foreground": false,
                "random_offset_x": false,
                "random_offset_y": false,
                "lock_to_x_axis": false,
                "lock_to_y_axis": false,
                "randomize_all_parameters": false,
                "add_screen_width": false,
                "add_screen_height": false,
                "relative_to_pillarbox": false,
                "relative_to_letterbox": false
                }
            }
        },
        {
            "layer_enabled": true,
            "bmp_x_offset": 128,
            "bmp_y_offset": 0,
            "bmp_width": 64,
            "bmp_height": 64,
            "draw_repeat_x": 0,
            "draw_repeat_y": 0,
            "draw_repeat_gap_x": 0,
            "draw_repeat_gap_y": 0,
            "draw_corner_offset_x": -5.0,
            "draw_corner_offset_y": -7.0,
            "animation_style": {
                "frame_count": 0,
                "frame_start": 0,
                "animation_speed": 0,
                "follow_speed_x": 1.0,
                "follow_speed_y": 1.0,
                "autoscroll_speed_x": -0.4,
                "autoscroll_speed_y": -0.3,
                "scroll_flags": {
                "follow_pc_x": false,
                "follow_pc_y": false,
                "autoscroll_x": true,
                "autoscroll_y": true,
                "align_with_water_lvl": false,
                "draw_above_foreground": false,
                "random_offset_x": false,
                "random_offset_y": false,
                "lock_to_x_axis": false,
                "lock_to_y_axis": false,
                "randomize_all_parameters": false,
                "add_screen_width": false,
                "add_screen_height": false,
                "relative_to_pillarbox": false,
                "relative_to_letterbox": false
                }
            }
        },
        {
            "layer_enabled": true,
            "bmp_x_offset": 192,
            "bmp_y_offset": 0,
            "bmp_width": 64,
            "bmp_height": 64,
            "draw_repeat_x": 0,
            "draw_repeat_y": 0,
            "draw_repeat_gap_x": 0,
            "draw_repeat_gap_y": 0,
            "draw_corner_offset_x": 9.0,
            "draw_corner_offset_y": 13.0,
            "animation_style": {
                "frame_count": 0,
                "frame_start": 0,
                "animation_speed": 0,
                "follow_speed_x": 1.0,
                "follow_speed_y": 1.0,
                "autoscroll_speed_x": -0.2,
                "autoscroll_speed_y": 0.2,
                "scroll_flags": {
                "follow_pc_x": false,
                "follow_pc_y": false,
                "autoscroll_x": true,
                "autoscroll_y": true,
                "align_with_water_lvl": false,
                "draw_above_foreground": false,
                "random_offset_x": false,
                "random_offset_y": false,
                "lock_to_x_axis": false,
                "lock_to_y_axis": false,
                "randomize_all_parameters": false,
                "add_screen_width": false,
                "add_screen_height": false,
                "relative_to_pillarbox": false,
                "relative_to_letterbox": false
                }
            }
        }
    ]
}