{
    "version": 3,
    "bmp_filename": "bkg/bkClouds",
    "lighting_mode": 0,
    "layers": [
        {
            "layer_enabled": false,
            "bmp_x_offset": 0,
            "bmp_y_offset": 64,
            "bmp_width": 48,
            "bmp_height": 48,
            "draw_repeat_x": 0,
            "draw_repeat_y": 0,
            "draw_repeat_gap_x": 0,
            "draw_repeat_gap_y": 0,
            "draw_corner_offset_x": 0.0,
            "draw_corner_offset_y": 0.0,
            "animation_style": {
              "frame_count": 0,
              "frame_start": 0,
              "animation_speed": 0,
              "follow_speed_x": 0.0,
              "follow_speed_y": 0.0,
              "autoscroll_speed_x": 0.3,
              "autoscroll_speed_y": -0.3,
              "screen_width_add_percent": 1.0,
              "screen_height_add_percent": 1.0,
              "scroll_flags": {
                    "follow_pc_x": false,
                    "follow_pc_y": false,
                    "autoscroll_x": false,
                    "autoscroll_y": false,
                    "align_with_water_lvl": false,
                    "draw_above_foreground": false,
                    "random_offset_x": false,
                    "random_offset_y": false,
                    "lock_to_x_axis": false,
                    "lock_to_y_axis": false,
                    "randomize_all_parameters": false,
                    "add_screen_width": false,
                    "add_screen_height": false,
                    "relative_to_pillarbox": true,
                    "relative_to_letterbox": true
                }
            }
        },
        {
            "layer_enabled": true,
            "bmp_x_offset": 48,
            "bmp_y_offset": 64,
            "bmp_width": 48,
            "bmp_height": 48,
            "draw_repeat_x": 0,
            "draw_repeat_y": 0,
            "draw_repeat_gap_x": 0,
            "draw_repeat_gap_y": 0,
            "draw_corner_offset_x": 0.0,
            "draw_corner_offset_y": 0.0,
            "animation_style": {
              "frame_count": 0,
              "frame_start": 0,
              "animation_speed": 0,
              "follow_speed_x": 0.0,
              "follow_speed_y": 0.0,
              "autoscroll_speed_x": 0.3,
              "autoscroll_speed_y": -0.3,
              "screen_width_add_percent": 1.0,
              "screen_height_add_percent": 1.0,
              "scroll_flags": {
                    "follow_pc_x": false,
                    "follow_pc_y": false,
                    "autoscroll_x": false,
                    "autoscroll_y": false,
                    "align_with_water_lvl": false,
                    "draw_above_foreground": false,
                    "random_offset_x": false,
                    "random_offset_y": false,
                    "lock_to_x_axis": false,
                    "lock_to_y_axis": false,
                    "randomize_all_parameters": false,
                    "add_screen_width": false,
                    "add_screen_height": false,
                    "relative_to_pillarbox": true,
                    "relative_to_letterbox": true
                }
            }
        },
        {
            "layer_enabled": false,
            "bmp_x_offset": 96,
            "bmp_y_offset": 64,
            "bmp_width": 48,
            "bmp_height": 48,
            "draw_repeat_x": 0,
            "draw_repeat_y": 0,
            "draw_repeat_gap_x": 0,
            "draw_repeat_gap_y": 0,
            "draw_corner_offset_x": 0.0,
            "draw_corner_offset_y": 0.0,
            "animation_style": {
              "frame_count": 0,
              "frame_start": 0,
              "animation_speed": 0,
              "follow_speed_x": 0.0,
              "follow_speed_y": 0.0,
              "autoscroll_speed_x": 0.3,
              "autoscroll_speed_y": -0.3,
              "screen_width_add_percent": 1.0,
              "screen_height_add_percent": 1.0,
              "scroll_flags": {
                    "follow_pc_x": false,
                    "follow_pc_y": false,
                    "autoscroll_x": false,
                    "autoscroll_y": false,
                    "align_with_water_lvl": false,
                    "draw_above_foreground": false,
                    "random_offset_x": false,
                    "random_offset_y": false,
                    "lock_to_x_axis": false,
                    "lock_to_y_axis": false,
                    "randomize_all_parameters": false,
                    "add_screen_width": false,
                    "add_screen_height": false,
                    "relative_to_pillarbox": true,
                    "relative_to_letterbox": true
                }
            }
        },
        {
            "layer_enabled": false,
            "bmp_x_offset": 144,
            "bmp_y_offset": 64,
            "bmp_width": 48,
            "bmp_height": 48,
            "draw_repeat_x": 0,
            "draw_repeat_y": 0,
            "draw_repeat_gap_x": 0,
            "draw_repeat_gap_y": 0,
            "draw_corner_offset_x": 0.0,
            "draw_corner_offset_y": 0.0,
            "animation_style": {
              "frame_count": 0,
              "frame_start": 0,
              "animation_speed": 0,
              "follow_speed_x": 0.0,
              "follow_speed_y": 0.0,
              "autoscroll_speed_x": 0.3,
              "autoscroll_speed_y": -0.3,
              "screen_width_add_percent": 1.0,
              "screen_height_add_percent": 1.0,
              "scroll_flags": {
                    "follow_pc_x": false,
                    "follow_pc_y": false,
                    "autoscroll_x": false,
                    "autoscroll_y": false,
                    "align_with_water_lvl": false,
                    "draw_above_foreground": false,
                    "random_offset_x": false,
                    "random_offset_y": false,
                    "lock_to_x_axis": false,
                    "lock_to_y_axis": false,
                    "randomize_all_parameters": false,
                    "add_screen_width": false,
                    "add_screen_height": false,
                    "relative_to_pillarbox": true,
                    "relative_to_letterbox": true
                }
            }
        },



        {
            "layer_enabled": true,
            "bmp_x_offset": 0,
            "bmp_y_offset": 0,
            "bmp_width": 96,
            "bmp_height": 64,
            "draw_repeat_x": 0,
            "draw_repeat_y": 0,
            "draw_repeat_gap_x": 160,
            "draw_repeat_gap_y": 128,
            "draw_corner_offset_x": 0.0,
            "draw_corner_offset_y": 0.0,
            "animation_style": {
            "frame_count": 0,
            "frame_start": 0,
            "animation_speed": 0,
            "follow_speed_x": 0.0,
            "follow_speed_y": 0.0,
            "autoscroll_speed_x": 0.3,
            "autoscroll_speed_y": -0.3,
            "screen_width_add_percent": 1.0,
            "screen_height_add_percent": 1.0,
            "scroll_flags": {
                    "follow_pc_x": false,
                    "follow_pc_y": false,
                    "autoscroll_x": true,
                    "autoscroll_y": true,
                    "align_with_water_lvl": false,
                    "draw_above_foreground": false,
                    "random_offset_x": false,
                    "random_offset_y": false,
                    "lock_to_x_axis": false,
                    "lock_to_y_axis": false,
                    "randomize_all_parameters": false,
                    "add_screen_width": false,
                    "add_screen_height": false,
                    "relative_to_pillarbox": true,
                    "relative_to_letterbox": true
                }
            }
        },
        {
            "layer_enabled": true,
            "bmp_x_offset": 96,
            "bmp_y_offset": 0,
            "bmp_width": 96,
            "bmp_height": 64,
            "draw_repeat_x": 0,
            "draw_repeat_y": 0,
            "draw_repeat_gap_x": 160,
            "draw_repeat_gap_y": 128,
            "draw_corner_offset_x": 128.0,
            "draw_corner_offset_y": 0.0,
            "animation_style": {
            "frame_count": 0,
            "frame_start": 0,
            "animation_speed": 0,
            "follow_speed_x": 0.0,
            "follow_speed_y": 0.0,
            "autoscroll_speed_x": 0.3,
            "autoscroll_speed_y": -0.3,
            "screen_width_add_percent": 1.0,
            "screen_height_add_percent": 1.0,
            "scroll_flags": {
                    "follow_pc_x": false,
                    "follow_pc_y": false,
                    "autoscroll_x": true,
                    "autoscroll_y": true,
                    "align_with_water_lvl": false,
                    "draw_above_foreground": false,
                    "random_offset_x": false,
                    "random_offset_y": false,
                    "lock_to_x_axis": false,
                    "lock_to_y_axis": false,
                    "randomize_all_parameters": false,
                    "add_screen_width": false,
                    "add_screen_height": false,
                    "relative_to_pillarbox": true,
                    "relative_to_letterbox": true
                }
            }
        },
        {
            "layer_enabled": true,
            "bmp_x_offset": 192,
            "bmp_y_offset": 0,
            "bmp_width": 96,
            "bmp_height": 64,
            "draw_repeat_x": 0,
            "draw_repeat_y": 0,
            "draw_repeat_gap_x": 160,
            "draw_repeat_gap_y": 128,
            "draw_corner_offset_x": 0.0,
            "draw_corner_offset_y": 96.0,
            "animation_style": {
            "frame_count": 0,
            "frame_start": 0,
            "animation_speed": 0,
            "follow_speed_x": 0.0,
            "follow_speed_y": 0.0,
            "autoscroll_speed_x": 0.3,
            "autoscroll_speed_y": -0.3,
            "screen_width_add_percent": 1.0,
            "screen_height_add_percent": 1.0,
            "scroll_flags": {
                    "follow_pc_x": false,
                    "follow_pc_y": false,
                    "autoscroll_x": true,
                    "autoscroll_y": true,
                    "align_with_water_lvl": false,
                    "draw_above_foreground": false,
                    "random_offset_x": false,
                    "random_offset_y": false,
                    "lock_to_x_axis": false,
                    "lock_to_y_axis": false,
                    "randomize_all_parameters": false,
                    "add_screen_width": false,
                    "add_screen_height": false,
                    "relative_to_pillarbox": true,
                    "relative_to_letterbox": true
                }
            }
        },
        {
            "layer_enabled": true,
            "bmp_x_offset": 288,
            "bmp_y_offset": 0,
            "bmp_width": 96,
            "bmp_height": 64,
            "draw_repeat_x": 0,
            "draw_repeat_y": 0,
            "draw_repeat_gap_x": 160,
            "draw_repeat_gap_y": 128,
            "draw_corner_offset_x": 128.0,
            "draw_corner_offset_y": 96.0,
            "animation_style": {
            "frame_count": 0,
            "frame_start": 0,
            "animation_speed": 0,
            "follow_speed_x": 0.0,
            "follow_speed_y": 0.0,
            "autoscroll_speed_x": 0.3,
            "autoscroll_speed_y": -0.3,
            "screen_width_add_percent": 1.0,
            "screen_height_add_percent": 1.0,
            "scroll_flags": {
                    "follow_pc_x": false,
                    "follow_pc_y": false,
                    "autoscroll_x": true,
                    "autoscroll_y": true,
                    "align_with_water_lvl": false,
                    "draw_above_foreground": false,
                    "random_offset_x": false,
                    "random_offset_y": false,
                    "lock_to_x_axis": false,
                    "lock_to_y_axis": false,
                    "randomize_all_parameters": false,
                    "add_screen_width": false,
                    "add_screen_height": false,
                    "relative_to_pillarbox": true,
                    "relative_to_letterbox": true
                }
            }
        }


    ]
}