{
    "version": 3,
    "bmp_filename": "bkg/bkMessage",
    "lighting_mode": 0,
    "layers": [

        {
            "name": "rainbow",
            "layer_enabled": true,
            "bmp_x_offset": 0,
            "bmp_y_offset": 0,
            "bmp_width": 224,
            "bmp_height": 32,
            "draw_repeat_x": 0,
            "draw_repeat_y": 0,
            "draw_repeat_gap_x": 0,
            "draw_repeat_gap_y": 0,
            "draw_corner_offset_x": 0.0,
            "draw_corner_offset_y": 0.0,
            "animation_style": {
              "frame_count": 0,
              "frame_start": 0,
              "animation_speed": 0,
              "follow_speed_x": 0.0,
              "follow_speed_y": 0.0,
              "autoscroll_speed_x": 0.3,
              "autoscroll_speed_y": -0.3,
              "screen_width_add_percent": 0.5,
              "screen_height_add_percent": 0.5,
              "scroll_flags": {
                    "follow_pc_x": false,
                    "follow_pc_y": false,
                    "autoscroll_x": true,
                    "autoscroll_y": false,
                    "align_with_water_lvl": false,
                    "draw_above_foreground": false,
                    "random_offset_x": false,
                    "random_offset_y": false,
                    "lock_to_x_axis": false,
                    "lock_to_y_axis": false,
                    "randomize_all_parameters": false,
                    "add_screen_width": false,
                    "add_screen_height": false,
                    "relative_to_pillarbox": true,
                    "relative_to_letterbox": true
                }
            }
        },

        {
            "name": "clouds",
            "layer_enabled": true,
            "bmp_x_offset": 0,
            "bmp_y_offset": 32,
            "bmp_width": 48,
            "bmp_height": 48,
            "draw_repeat_x": 0,
            "draw_repeat_y": 0,
            "draw_repeat_gap_x": 0,
            "draw_repeat_gap_y": 0,
            "draw_corner_offset_x": 0.0,
            "draw_corner_offset_y": 0.0,
            "animation_style": {
              "frame_count": 0,
              "frame_start": 0,
              "animation_speed": 0,
              "follow_speed_x": 0.0,
              "follow_speed_y": 0.0,
              "autoscroll_speed_x": -0.1,
              "autoscroll_speed_y": 0.1,
              "screen_width_add_percent": 0.5,
              "screen_height_add_percent": 0.5,
              "scroll_flags": {
                    "follow_pc_x": false,
                    "follow_pc_y": false,
                    "autoscroll_x": true,
                    "autoscroll_y": true,
                    "align_with_water_lvl": false,
                    "draw_above_foreground": false,
                    "random_offset_x": false,
                    "random_offset_y": false,
                    "lock_to_x_axis": false,
                    "lock_to_y_axis": false,
                    "randomize_all_parameters": false,
                    "add_screen_width": false,
                    "add_screen_height": false,
                    "relative_to_pillarbox": true,
                    "relative_to_letterbox": true
                }
            }
        },

        {
            "name": "times up",
            "layer_enabled": true,
            "bmp_x_offset": 48,
            "bmp_y_offset": 32,
            "bmp_width": 272,
            "bmp_height": 48,
            "draw_repeat_x": 1,
            "draw_repeat_y": 1,
            "draw_repeat_gap_x": 0,
            "draw_repeat_gap_y": 0,
            "draw_corner_offset_x": -136.0,
            "draw_corner_offset_y": 0.0,
            "animation_style": {
              "frame_count": 0,
              "frame_start": 0,
              "animation_speed": 0,
              "follow_speed_x": 0.0,
              "follow_speed_y": 0.0,
              "autoscroll_speed_x": 0.0,
              "autoscroll_speed_y": 0.0,
              "screen_width_add_percent": 0.5,
              "screen_height_add_percent": 0.5,
              "scroll_flags": {
                    "follow_pc_x": false,
                    "follow_pc_y": false,
                    "autoscroll_x": false,
                    "autoscroll_y": false,
                    "align_with_water_lvl": false,
                    "draw_above_foreground": false,
                    "random_offset_x": false,
                    "random_offset_y": false,
                    "lock_to_x_axis": false,
                    "lock_to_y_axis": false,
                    "randomize_all_parameters": false,
                    "add_screen_width": true,
                    "add_screen_height": false,
                    "relative_to_pillarbox": true,
                    "relative_to_letterbox": true
                }
            }
        },

        {
            "name": "mask left",
            "layer_enabled": true,
            "bmp_x_offset": 0,
            "bmp_y_offset": 80,
            "bmp_width": 48,
            "bmp_height": 48,
            "draw_repeat_x": 128,
            "draw_repeat_y": 0,
            "draw_repeat_gap_x": 0,
            "draw_repeat_gap_y": 0,
            "draw_corner_offset_x": -6278.0,
            "draw_corner_offset_y": 0.0,
            "animation_style": {
              "frame_count": 0,
              "frame_start": 0,
              "animation_speed": 0,
              "follow_speed_x": 0.0,
              "follow_speed_y": 0.0,
              "autoscroll_speed_x": 0.0,
              "autoscroll_speed_y": 0.0,
              "screen_width_add_percent": 0.5,
              "screen_height_add_percent": 0.5,
              "scroll_flags": {
                    "follow_pc_x": false,
                    "follow_pc_y": false,
                    "autoscroll_x": false,
                    "autoscroll_y": false,
                    "align_with_water_lvl": false,
                    "draw_above_foreground": false,
                    "random_offset_x": false,
                    "random_offset_y": false,
                    "lock_to_x_axis": false,
                    "lock_to_y_axis": false,
                    "randomize_all_parameters": false,
                    "add_screen_width": true,
                    "add_screen_height": false,
                    "relative_to_pillarbox": true,
                    "relative_to_letterbox": true
                }
            }
        },

        {
            "name": "mask right",
            "layer_enabled": true,
            "bmp_x_offset": 0,
            "bmp_y_offset": 80,
            "bmp_width": 48,
            "bmp_height": 48,
            "draw_repeat_x": 128,
            "draw_repeat_y": 0,
            "draw_repeat_gap_x": 0,
            "draw_repeat_gap_y": 0,
            "draw_corner_offset_x": 134.0,
            "draw_corner_offset_y": 0.0,
            "animation_style": {
              "frame_count": 0,
              "frame_start": 0,
              "animation_speed": 0,
              "follow_speed_x": 0.0,
              "follow_speed_y": 0.0,
              "autoscroll_speed_x": 0.0,
              "autoscroll_speed_y": 0.0,
              "screen_width_add_percent": 0.5,
              "screen_height_add_percent": 0.0,
              "scroll_flags": {
                    "follow_pc_x": false,
                    "follow_pc_y": false,
                    "autoscroll_x": false,
                    "autoscroll_y": false,
                    "align_with_water_lvl": false,
                    "draw_above_foreground": false,
                    "random_offset_x": false,
                    "random_offset_y": false,
                    "lock_to_x_axis": false,
                    "lock_to_y_axis": false,
                    "randomize_all_parameters": false,
                    "add_screen_width": true,
                    "add_screen_height": false,
                    "relative_to_pillarbox": true,
                    "relative_to_letterbox": true
                }
            }
        },

        {
            "name": "mask lower",
            "layer_enabled": true,
            "bmp_x_offset": 0,
            "bmp_y_offset": 80,
            "bmp_width": 48,
            "bmp_height": 48,
            "draw_repeat_x": 0,
            "draw_repeat_y": 128,
            "draw_repeat_gap_x": 0,
            "draw_repeat_gap_y": 0,
            "draw_corner_offset_x": 0.0,
            "draw_corner_offset_y": 48.0,
            "animation_style": {
              "frame_count": 0,
              "frame_start": 0,
              "animation_speed": 0,
              "follow_speed_x": 0.0,
              "follow_speed_y": 0.0,
              "autoscroll_speed_x": 0.0,
              "autoscroll_speed_y": 0.0,
              "screen_width_add_percent": 0.0,
              "screen_height_add_percent": 0.0,
              "scroll_flags": {
                    "follow_pc_x": false,
                    "follow_pc_y": false,
                    "autoscroll_x": false,
                    "autoscroll_y": false,
                    "align_with_water_lvl": false,
                    "draw_above_foreground": false,
                    "random_offset_x": false,
                    "random_offset_y": false,
                    "lock_to_x_axis": false,
                    "lock_to_y_axis": false,
                    "randomize_all_parameters": false,
                    "add_screen_width": false,
                    "add_screen_height": false,
                    "relative_to_pillarbox": true,
                    "relative_to_letterbox": true
                }
            }
        },

        {
            "name": "continue prompt",
            "layer_enabled": true,
            "bmp_x_offset": 224,
            "bmp_y_offset": 16,
            "bmp_width": 80,
            "bmp_height": 16,
            "draw_repeat_x": 1,
            "draw_repeat_y": 1,
            "draw_repeat_gap_x": 0,
            "draw_repeat_gap_y": 0,
            "draw_corner_offset_x": -40.0,
            "draw_corner_offset_y": -32.0,
            "animation_style": {
              "frame_count": 2,
              "frame_start": 0,
              "animation_speed": 6,
              "follow_speed_x": 0.0,
              "follow_speed_y": 0.0,
              "autoscroll_speed_x": 0.0,
              "autoscroll_speed_y": 0.0,
              "screen_width_add_percent": 0.5,
              "screen_height_add_percent": 1.0,
              "scroll_flags": {
                    "follow_pc_x": false,
                    "follow_pc_y": false,
                    "autoscroll_x": false,
                    "autoscroll_y": false,
                    "align_with_water_lvl": false,
                    "draw_above_foreground": false,
                    "random_offset_x": false,
                    "random_offset_y": false,
                    "lock_to_x_axis": false,
                    "lock_to_y_axis": false,
                    "randomize_all_parameters": false,
                    "add_screen_width": true,
                    "add_screen_height": true,
                    "relative_to_pillarbox": true,
                    "relative_to_letterbox": true
                }
            }
        }


    ]
}